﻿<?xml version="1.0" encoding="utf-8"?>
<ProjectorCameraEnsemble xmlns:i="http://www.w3.org/2001/XMLSchema-instance" xmlns="http://schemas.datacontract.org/2004/07/RoomAliveToolkit">
  <cameras>
    <ProjectorCameraEnsemble.Camera>
      <calibration>
        <colorCameraMatrix>
          <ValuesByColumn xmlns:d6p1="http://schemas.microsoft.com/2003/10/Serialization/Arrays">
            <d6p1:ArrayOfdouble>
              <d6p1:double>1065.6782323580619</d6p1:double>
              <d6p1:double>0</d6p1:double>
              <d6p1:double>0</d6p1:double>
            </d6p1:ArrayOfdouble>
            <d6p1:ArrayOfdouble>
              <d6p1:double>0</d6p1:double>
              <d6p1:double>1066.3438373408869</d6p1:double>
              <d6p1:double>0</d6p1:double>
            </d6p1:ArrayOfdouble>
            <d6p1:ArrayOfdouble>
              <d6p1:double>962.168815382562</d6p1:double>
              <d6p1:double>534.121516139248</d6p1:double>
              <d6p1:double>1</d6p1:double>
            </d6p1:ArrayOfdouble>
          </ValuesByColumn>
        </colorCameraMatrix>
        <colorLensDistortion>
          <ValuesByColumn xmlns:d6p1="http://schemas.microsoft.com/2003/10/Serialization/Arrays">
            <d6p1:ArrayOfdouble>
              <d6p1:double>0.010880839063140057</d6p1:double>
              <d6p1:double>-0.00156001780053503</d6p1:double>
            </d6p1:ArrayOfdouble>
          </ValuesByColumn>
        </colorLensDistortion>
        <depthCameraMatrix>
          <ValuesByColumn xmlns:d6p1="http://schemas.microsoft.com/2003/10/Serialization/Arrays">
            <d6p1:ArrayOfdouble>
              <d6p1:double>367.2070961287082</d6p1:double>
              <d6p1:double>0</d6p1:double>
              <d6p1:double>0</d6p1:double>
            </d6p1:ArrayOfdouble>
            <d6p1:ArrayOfdouble>
              <d6p1:double>0</d6p1:double>
              <d6p1:double>367.23173800381721</d6p1:double>
              <d6p1:double>0</d6p1:double>
            </d6p1:ArrayOfdouble>
            <d6p1:ArrayOfdouble>
              <d6p1:double>258.89279490513229</d6p1:double>
              <d6p1:double>213.22398128407551</d6p1:double>
              <d6p1:double>1</d6p1:double>
            </d6p1:ArrayOfdouble>
          </ValuesByColumn>
        </depthCameraMatrix>
        <depthLensDistortion>
          <ValuesByColumn xmlns:d6p1="http://schemas.microsoft.com/2003/10/Serialization/Arrays">
            <d6p1:ArrayOfdouble>
              <d6p1:double>0.062252211220884035</d6p1:double>
              <d6p1:double>-0.1687845201506864</d6p1:double>
            </d6p1:ArrayOfdouble>
          </ValuesByColumn>
        </depthLensDistortion>
        <depthToColorTransform>
          <ValuesByColumn xmlns:d6p1="http://schemas.microsoft.com/2003/10/Serialization/Arrays">
            <d6p1:ArrayOfdouble>
              <d6p1:double>0.999997615814209</d6p1:double>
              <d6p1:double>0.001276312512345612</d6p1:double>
              <d6p1:double>-0.0017683568876236677</d6p1:double>
              <d6p1:double>0</d6p1:double>
            </d6p1:ArrayOfdouble>
            <d6p1:ArrayOfdouble>
              <d6p1:double>-0.0012745839776471257</d6p1:double>
              <d6p1:double>0.99999868869781494</d6p1:double>
              <d6p1:double>0.00097295315936207771</d6p1:double>
              <d6p1:double>0</d6p1:double>
            </d6p1:ArrayOfdouble>
            <d6p1:ArrayOfdouble>
              <d6p1:double>0.0017696085851639509</d6p1:double>
              <d6p1:double>-0.00097068818286061287</d6p1:double>
              <d6p1:double>0.99999797344207764</d6p1:double>
              <d6p1:double>0</d6p1:double>
            </d6p1:ArrayOfdouble>
            <d6p1:ArrayOfdouble>
              <d6p1:double>0.0524867106893156</d6p1:double>
              <d6p1:double>0.00010567209883818254</d6p1:double>
              <d6p1:double>0.0001131695756867161</d6p1:double>
              <d6p1:double>1</d6p1:double>
            </d6p1:ArrayOfdouble>
          </ValuesByColumn>
        </depthToColorTransform>
      </calibration>
      <hostNameOrAddress>localhost</hostNameOrAddress>
      <name>0</name>
      <pose>
        <ValuesByColumn xmlns:d5p1="http://schemas.microsoft.com/2003/10/Serialization/Arrays">
          <d5p1:ArrayOfdouble>
            <d5p1:double>1</d5p1:double>
            <d5p1:double>0</d5p1:double>
            <d5p1:double>0</d5p1:double>
            <d5p1:double>0</d5p1:double>
          </d5p1:ArrayOfdouble>
          <d5p1:ArrayOfdouble>
            <d5p1:double>0</d5p1:double>
            <d5p1:double>1</d5p1:double>
            <d5p1:double>0</d5p1:double>
            <d5p1:double>0</d5p1:double>
          </d5p1:ArrayOfdouble>
          <d5p1:ArrayOfdouble>
            <d5p1:double>0</d5p1:double>
            <d5p1:double>0</d5p1:double>
            <d5p1:double>1</d5p1:double>
            <d5p1:double>0</d5p1:double>
          </d5p1:ArrayOfdouble>
          <d5p1:ArrayOfdouble>
            <d5p1:double>0</d5p1:double>
            <d5p1:double>0</d5p1:double>
            <d5p1:double>0</d5p1:double>
            <d5p1:double>1</d5p1:double>
          </d5p1:ArrayOfdouble>
        </ValuesByColumn>
      </pose>
    </ProjectorCameraEnsemble.Camera>
  </cameras>
  <name>Untitled</name>
  <projectors>
    <ProjectorCameraEnsemble.Projector>
      <cameraMatrix>
        <ValuesByColumn xmlns:d5p1="http://schemas.microsoft.com/2003/10/Serialization/Arrays">
          <d5p1:ArrayOfdouble>
            <d5p1:double>4280.3233725669779</d5p1:double>
            <d5p1:double>0</d5p1:double>
            <d5p1:double>0</d5p1:double>
          </d5p1:ArrayOfdouble>
          <d5p1:ArrayOfdouble>
            <d5p1:double>0</d5p1:double>
            <d5p1:double>4280.3233725669779</d5p1:double>
            <d5p1:double>0</d5p1:double>
          </d5p1:ArrayOfdouble>
          <d5p1:ArrayOfdouble>
            <d5p1:double>2870.7463714862188</d5p1:double>
            <d5p1:double>328.23783325558668</d5p1:double>
            <d5p1:double>1</d5p1:double>
          </d5p1:ArrayOfdouble>
        </ValuesByColumn>
      </cameraMatrix>
      <displayIndex>1</displayIndex>
      <height>768</height>
      <hostNameOrAddress>localhost</hostNameOrAddress>
      <lensDistortion>
        <ValuesByColumn xmlns:d5p1="http://schemas.microsoft.com/2003/10/Serialization/Arrays">
          <d5p1:ArrayOfdouble>
            <d5p1:double>0</d5p1:double>
            <d5p1:double>0</d5p1:double>
          </d5p1:ArrayOfdouble>
        </ValuesByColumn>
      </lensDistortion>
      <lockIntrinsics>false</lockIntrinsics>
      <name>0</name>
      <pose>
        <ValuesByColumn xmlns:d5p1="http://schemas.microsoft.com/2003/10/Serialization/Arrays">
          <d5p1:ArrayOfdouble>
            <d5p1:double>0.96991515159606934</d5p1:double>
            <d5p1:double>0.11713957041501999</d5p1:double>
            <d5p1:double>-0.21340787410736084</d5p1:double>
            <d5p1:double>0</d5p1:double>
          </d5p1:ArrayOfdouble>
          <d5p1:ArrayOfdouble>
            <d5p1:double>-0.029373042285442352</d5p1:double>
            <d5p1:double>0.9265291690826416</d5p1:double>
            <d5p1:double>0.37507462501525879</d5p1:double>
            <d5p1:double>0</d5p1:double>
          </d5p1:ArrayOfdouble>
          <d5p1:ArrayOfdouble>
            <d5p1:double>0.24166467785835266</d5p1:double>
            <d5p1:double>-0.35752213001251221</d5p1:double>
            <d5p1:double>0.90209543704986572</d5p1:double>
            <d5p1:double>0</d5p1:double>
          </d5p1:ArrayOfdouble>
          <d5p1:ArrayOfdouble>
            <d5p1:double>0.90637097534728417</d5p1:double>
            <d5p1:double>1.1279887935824644</d5p1:double>
            <d5p1:double>-1.6029260489157406</d5p1:double>
            <d5p1:double>1</d5p1:double>
          </d5p1:ArrayOfdouble>
        </ValuesByColumn>
      </pose>
      <width>1024</width>
    </ProjectorCameraEnsemble.Projector>
  </projectors>
</ProjectorCameraEnsemble>